{
    "dc_per_class_pp_all": {
        "1": 0.570607058811847,
        "2": 0.8410449238220281
    },
    "dc_per_class_pp_per_class": {
        "1": 0.6702735719804218,
        "2": 0.8756043564942925
    },
    "dc_per_class_raw": {
        "1": 0.9248190214383039,
        "2": 0.8762706936612433
    },
    "for_which_classes": [],
    "min_valid_object_sizes": "None",
    "num_samples": 300,
    "validation_final": "cv_niftis_postprocessed",
    "validation_raw": "cv_niftis_raw"
}